{"list":" max-w-4xl mx-auto px-4 sm:px-6 lg:px-8 py-12 mb-8 text-sm text-gray-500 mb-2 flex items-center mx-2 text-gray-700 hover:text-black text-3xl sm:text-4xl lg:text-5xl font-serif font-bold tracking-tight mb-4 flex-wrap gap-2 text-xs uppercase tracking-wider bg-gray-100 hover:bg-gray-200 px-3 py-1 rounded-sm mb-10 w-full h-auto object-cover aspect-video mt-2 prose prose-lg max-w-none text-xl font-light leading-relaxed text-2xl mt-8 border-l-4 border-gray-300 pl-4 italic my-8 mt-12 pt-8 border-t border-gray-200 w-12 h-12 rounded-full mr-4 font-medium md:flex md:items-start md:gap-8 md:w-1/3 mb-6 md:mb-0 aspect-[3/4] rounded-md md:w-2/3 bg-fuchsia-100/ gap-6 grid grid-cols-[3fr_1fr] max-w-screen-xl text-red-600 gap-8 lg:grid-cols-3 sm:grid-cols-2 bg-white dark:bg-gray-800 shadow-md rounded-lg overflow-hidden hover:shadow-lg transition h-48 p-5 !no-underline mb-3 px-2 bg-pink-100 text-pink-600 font-semibold dark:hover:text-pink-400 hover:text-pink-600 text-gray-600 dark:text-gray-300 !font-semibold dark:text-pink-400 hover:underline bg-blue-100 text-blue-600 justify-center -space-x-px inline-flex border leading-tight ms-0 py-2 rounded-s-lg dark:border-gray-700 dark:hover:bg-gray-700 dark:hover:text-white dark:text-gray-400 hover:bg-pink-100 text-white bg-pink-600 hover:bg-pink-700 hover:text-white rounded-e-lg bg-gray-50 py-16 dark:bg-gray-900 lg:mb-10 lg:mt-10 grid-cols-1 lg:grid-cols-[2fr_1fr] gap-12 space-y-8 sticky top-24 lg:mt-0 p-6 text-gray-900 dark:text-white space-y-3 block text-pink-700 hover:bg-pink-200 text-blue-700 hover:bg-blue-200 bg-green-100 text-green-700 hover:bg-green-200 bg-yellow-100 text-yellow-700 hover:bg-yellow-200 bg-purple-100 text-purple-700 hover:bg-purple-200 bg-gray-200 text-gray-800 hover:bg-gray-300 space-x-4 mt-4 hover:text-white/90 w-6 h-6 fill-current min-h-screen max-w-full py-8 md:p-2 border-b pb-4 md:text-3xl space-y-4 max-w-7xl justify-between h-16 shrink-0 w-30 ml-5 hidden sm:flex space-x-8 space-x-6 has-dropdown group relative hover:text-indigo-600 submenu absolute left-0 w-48 shadow-sm opacity-0 group-hover:block group-hover:opacity-100 transition-opacity duration-300 ease-in-out z-50 sm:hidden p-2 focus:outline-none space-y-2 has-dropdown-mobile text-left submenu-mobile ml-4 transition-all pt-24 min-w-7xl bg-gradient-to-r from-purple-300 ml-10 mr-10 mt-10 to-indigo-400 via-fuchsia-400 py-10 flex-col md:flex-row md:justify-between max-w-sm space-x-2 text-white/80 md:w-1/2 lg:w-1/3 text-lg sm:flex-row gap-3 focus:ring-2 focus:ring-pink-300 px-5 text-white/70 border-white/20 gap-4 md:mt-0 h-screen m-5 inset-0 h-full rounded-2xl container text-white/ z-10 bg-neutral-800/85 max-w-2xl not-prose md:text-6xl text-4xl md:text-xl bg-teal-500 hover:bg-teal-600 py-3 px-8 md:py-24 bg-slate-50 text-center mb-16 md:text-4xl text-slate-600 md:grid-cols-3 p-8 hover:shadow-md p-4 w-16 h-8 w-8 text-blue-500 hover:text-blue-700 text-green-500 hover:text-green-700 text-purple-500 hover:text-purple-700 max-w-md text-9xl text-black h-1 bg-red-600 mb-12 border-b-2 border-black focus:border-red-600 transition-colors bg-transparent right-0 top-0 inline-block hover:border-red-600 hover:text-red-600 max-w-8xl max-w-px min-h-7xl no-underline py-0 md:md:mt-0 md:md:ml-0 p-0 mt-0 ml-0 pt-0 pt-31 pt-46 pt-10 pb-10 pt-20 mt-24 pb-6 text-base text-5xl text-black/ fixed pointer-events-none duration-200 z-40 space-y-6","map":{"max-w-4xl":true,"mx-auto":true,"px-4":true,"sm:px-6":true,"lg:px-8":true,"py-12":true,"mb-8":true,"text-sm":true,"text-gray-500":true,"mb-2":true,"flex":true,"items-center":true,"mx-2":true,"text-gray-700":true,"hover:text-black":true,"text-3xl":true,"sm:text-4xl":true,"lg:text-5xl":true,"font-serif":true,"font-bold":true,"tracking-tight":true,"mb-4":true,"flex-wrap":true,"gap-2":true,"text-xs":true,"uppercase":true,"tracking-wider":true,"bg-gray-100":true,"hover:bg-gray-200":true,"px-3":true,"py-1":true,"rounded-sm":true,"mb-10":true,"w-full":true,"h-auto":true,"object-cover":true,"aspect-video":true,"mt-2":true,"prose":true,"prose-lg":true,"max-w-none":true,"text-xl":true,"font-light":true,"leading-relaxed":true,"text-2xl":true,"mt-8":true,"border-l-4":true,"border-gray-300":true,"pl-4":true,"italic":true,"my-8":true,"mt-12":true,"pt-8":true,"border-t":true,"border-gray-200":true,"w-12":true,"h-12":true,"rounded-full":true,"mr-4":true,"font-medium":true,"md:flex":true,"md:items-start":true,"md:gap-8":true,"md:w-1/3":true,"mb-6":true,"md:mb-0":true,"aspect-[3/4]":true,"rounded-md":true,"md:w-2/3":true,"bg-fuchsia-100/":true,"gap-6":true,"grid":true,"grid-cols-[3fr_1fr]":true,"max-w-screen-xl":true,"text-red-600":true,"gap-8":true,"lg:grid-cols-3":true,"sm:grid-cols-2":true,"bg-white":true,"dark:bg-gray-800":true,"shadow-md":true,"rounded-lg":true,"overflow-hidden":true,"hover:shadow-lg":true,"transition":true,"h-48":true,"p-5":true,"!no-underline":true,"mb-3":true,"px-2":true,"bg-pink-100":true,"text-pink-600":true,"font-semibold":true,"dark:hover:text-pink-400":true,"hover:text-pink-600":true,"text-gray-600":true,"dark:text-gray-300":true,"!font-semibold":true,"dark:text-pink-400":true,"hover:underline":true,"bg-blue-100":true,"text-blue-600":true,"justify-center":true,"-space-x-px":true,"inline-flex":true,"border":true,"leading-tight":true,"ms-0":true,"py-2":true,"rounded-s-lg":true,"dark:border-gray-700":true,"dark:hover:bg-gray-700":true,"dark:hover:text-white":true,"dark:text-gray-400":true,"hover:bg-pink-100":true,"text-white":true,"bg-pink-600":true,"hover:bg-pink-700":true,"hover:text-white":true,"rounded-e-lg":true,"bg-gray-50":true,"py-16":true,"dark:bg-gray-900":true,"lg:mb-10":true,"lg:mt-10":true,"grid-cols-1":true,"lg:grid-cols-[2fr_1fr]":true,"gap-12":true,"space-y-8":true,"sticky":true,"top-24":true,"lg:mt-0":true,"p-6":true,"text-gray-900":true,"dark:text-white":true,"space-y-3":true,"block":true,"text-pink-700":true,"hover:bg-pink-200":true,"text-blue-700":true,"hover:bg-blue-200":true,"bg-green-100":true,"text-green-700":true,"hover:bg-green-200":true,"bg-yellow-100":true,"text-yellow-700":true,"hover:bg-yellow-200":true,"bg-purple-100":true,"text-purple-700":true,"hover:bg-purple-200":true,"bg-gray-200":true,"text-gray-800":true,"hover:bg-gray-300":true,"space-x-4":true,"mt-4":true,"hover:text-white/90":true,"w-6":true,"h-6":true,"fill-current":true,"min-h-screen":true,"max-w-full":true,"py-8":true,"md:p-2":true,"border-b":true,"pb-4":true,"md:text-3xl":true,"space-y-4":true,"max-w-7xl":true,"justify-between":true,"h-16":true,"shrink-0":true,"w-30":true,"ml-5":true,"hidden":true,"sm:flex":true,"space-x-8":true,"space-x-6":true,"has-dropdown":true,"group":true,"relative":true,"hover:text-indigo-600":true,"submenu":true,"absolute":true,"left-0":true,"w-48":true,"shadow-sm":true,"opacity-0":true,"group-hover:block":true,"group-hover:opacity-100":true,"transition-opacity":true,"duration-300":true,"ease-in-out":true,"z-50":true,"sm:hidden":true,"p-2":true,"focus:outline-none":true,"space-y-2":true,"has-dropdown-mobile":true,"text-left":true,"submenu-mobile":true,"ml-4":true,"transition-all":true,"pt-24":true,"min-w-7xl":true,"bg-gradient-to-r":true,"from-purple-300":true,"ml-10":true,"mr-10":true,"mt-10":true,"to-indigo-400":true,"via-fuchsia-400":true,"py-10":true,"flex-col":true,"md:flex-row":true,"md:justify-between":true,"max-w-sm":true,"space-x-2":true,"text-white/80":true,"md:w-1/2":true,"lg:w-1/3":true,"text-lg":true,"sm:flex-row":true,"gap-3":true,"focus:ring-2":true,"focus:ring-pink-300":true,"px-5":true,"text-white/70":true,"border-white/20":true,"gap-4":true,"md:mt-0":true,"h-screen":true,"m-5":true,"inset-0":true,"h-full":true,"rounded-2xl":true,"container":true,"text-white/":true,"z-10":true,"bg-neutral-800/85":true,"max-w-2xl":true,"not-prose":true,"md:text-6xl":true,"text-4xl":true,"md:text-xl":true,"bg-teal-500":true,"hover:bg-teal-600":true,"py-3":true,"px-8":true,"md:py-24":true,"bg-slate-50":true,"text-center":true,"mb-16":true,"md:text-4xl":true,"text-slate-600":true,"md:grid-cols-3":true,"p-8":true,"hover:shadow-md":true,"p-4":true,"w-16":true,"h-8":true,"w-8":true,"text-blue-500":true,"hover:text-blue-700":true,"text-green-500":true,"hover:text-green-700":true,"text-purple-500":true,"hover:text-purple-700":true,"max-w-md":true,"text-9xl":true,"text-black":true,"h-1":true,"bg-red-600":true,"mb-12":true,"border-b-2":true,"border-black":true,"focus:border-red-600":true,"transition-colors":true,"bg-transparent":true,"right-0":true,"top-0":true,"inline-block":true,"hover:border-red-600":true,"hover:text-red-600":true,"max-w-8xl":true,"max-w-px":true,"min-h-7xl":true,"no-underline":true,"py-0":true,"md:md:mt-0":true,"md:md:ml-0":true,"p-0":true,"mt-0":true,"ml-0":true,"pt-0":true,"pt-31":true,"pt-46":true,"pt-10":true,"pb-10":true,"pt-20":true,"mt-24":true,"pb-6":true,"text-base":true,"text-5xl":true,"text-black/":true,"fixed":true,"pointer-events-none":true,"duration-200":true,"z-40":true,"space-y-6":true}}