{"files":{"index-v4.html":{"frameworks":["Starter Classic Theme Tailwind","pg.tw.lib","pg.insight.events","pg.svg.lib","pg.css.grid","pg.image.overlay","pg.code-validator","pg.project.items","pg.asset.manager","tw","pg.html","pine.cone.lib","pg.components"]},"index.html":{"frameworks":["Starter Classic Theme Tailwind","wordpress.pinegrow","pg.tw.lib","pg.asset.manager","pg.insight.events","pg.project.items","pg.code-validator","pg.image.overlay","pg.css.grid","pg.svg.lib","tw","pg.html","pine.cone.lib","pg.components"]},"parts.html":{"frameworks":["Starter Classic Theme Tailwind","pg.tw.lib","pg.asset.manager","pg.insight.events","pg.project.items","pg.code-validator","pg.image.overlay","pg.css.grid","pg.svg.lib","wordpress.pinegrow","tw","pg.html","pine.cone.lib","pg.components"]},"customizer.html":{"frameworks":["Starter Classic Theme Tailwind","pg.tw.lib","pg.insight.events","pg.svg.lib","wordpress.pinegrow","pg.css.grid","pg.image.overlay","pg.code-validator","pg.project.items","pg.asset.manager","tw","pg.html","pine.cone.lib","pg.components"]},"page.html":{"frameworks":["Starter Classic Theme Tailwind","pg.tw.lib","pg.insight.events","pg.asset.manager","pg.project.items","pg.svg.lib","pg.code-validator","wordpress.pinegrow","pg.css.grid","pg.image.overlay","tw","pg.html","pine.cone.lib","pg.components"]},"single.html":{"frameworks":["Starter Classic Theme Tailwind","pg.tw.lib","pg.insight.events","pg.asset.manager","pg.project.items","pg.svg.lib","pg.code-validator","wordpress.pinegrow","pg.css.grid","pg.image.overlay","tw","pg.html","pine.cone.lib","pg.components"]},"404.html":{"frameworks":["Starter Classic Theme Tailwind","pg.insight.events","pg.asset.manager","pg.svg.lib","pg.project.items","wordpress.pinegrow","pg.code-validator","pg.css.grid","pg.image.overlay","pg.html","pine.cone.lib","pg.components"]},"search.html":{"frameworks":["Starter Classic Theme Tailwind","pg.tw.lib","pg.insight.events","pg.svg.lib","wordpress.pinegrow","pg.css.grid","pg.image.overlay","pg.code-validator","pg.project.items","pg.asset.manager","tw","pg.html","pine.cone.lib","pg.components"]},"single-album.html":{"frameworks":["Starter Classic Theme Tailwind","pg.tw.lib","pg.insight.events","pg.svg.lib","wordpress.pinegrow","pg.css.grid","pg.image.overlay","pg.code-validator","pg.project.items","pg.asset.manager","tw","pg.html","pine.cone.lib","pg.components"]},"utilities.html":{"frameworks":["Starter Classic Theme Tailwind","pg.tw.lib","pg.insight.events","pg.svg.lib","wordpress.pinegrow","pg.css.grid","pg.image.overlay","pg.code-validator","pg.project.items","pg.asset.manager","tw","pg.html","pine.cone.lib","pg.components"]},"single-employees.html":{"frameworks":["Starter Classic Theme Tailwind","pg.tw.lib","pg.insight.events","pg.svg.lib","wordpress.pinegrow","pg.css.grid","pg.image.overlay","pg.code-validator","pg.project.items","pg.asset.manager","tw","pg.html","pine.cone.lib","pg.components"]},"archive-employees.html":{"frameworks":["Starter Classic Theme Tailwind","pg.tw.lib","pg.insight.events","pg.asset.manager","pg.project.items","pg.svg.lib","pg.code-validator","wordpress.pinegrow","pg.css.grid","pg.image.overlay","tw","pg.html","pine.cone.lib","pg.components"]},"blocks.html":{"frameworks":["Starter Classic Theme Tailwind","pg.tw.lib","pg.insight.events","pg.svg.lib","wordpress.pinegrow","pg.css.grid","pg.image.overlay","pg.code-validator","pg.project.items","pg.asset.manager","tw","pg.html","pine.cone.lib","pg.components"]},"page-boxed.html":{"frameworks":["Starter Classic Theme Tailwind","pg.tw.lib","pg.insight.events","pg.svg.lib","wordpress.pinegrow","pg.css.grid","pg.image.overlay","pg.code-validator","pg.project.items","pg.asset.manager","tw","pg.html","pine.cone.lib","pg.components"]}},"breakpoints":[],"frameworks":["Starter Classic Theme Tailwind","wordpress.pinegrow","pg.tw.lib","pg.asset.manager","pg.insight.events","pg.project.items","pg.code-validator","pg.image.overlay","pg.css.grid","pg.svg.lib","tw","pg.html","pine.cone.lib","pg.components"],"template_framework_id":"tailwind","urls":{"index-v4.html":{"open-page-views":[{"w":1024,"h":0}],"open-with-wrapper":false},"index.html":{"open-with-wrapper":false,"open-page-views":[{"w":907,"h":0,"wrapper_selector":"auto_detect"}]},"parts.html":{"open-with-wrapper":false,"open-page-views":[{"w":1069,"h":0}]},"customizer.html":{"open-with-wrapper":false,"open-page-views":[{"w":1024,"h":0}]},"page.html":{"open-with-wrapper":false,"open-page-views":[{"w":1024,"h":0}]},"single.html":{"open-with-wrapper":false,"open-page-views":[{"w":1024,"h":0}]},"404.html":{"open-with-wrapper":false,"open-page-views":[{"w":1024,"h":0}]},"search.html":{"open-with-wrapper":false,"open-page-views":[{"w":1024,"h":0}]},"single-album.html":{"open-with-wrapper":false,"open-page-views":[{"w":1024,"h":0}]},"utilities.html":{"open-with-wrapper":false,"open-page-views":[{"w":1024,"h":0}]},"single-employees.html":{"open-with-wrapper":false,"open-page-views":[{"w":1024,"h":0}]},"archive-employees.html":{"open-with-wrapper":false,"open-page-views":[{"w":1024,"h":0}]},"blocks.html":{"open-with-wrapper":false,"open-page-views":[{"w":1379,"h":0}]},"page-boxed.html":{"open-with-wrapper":false,"open-page-views":[{"w":1024,"h":0}]}},"open-pages":["index.html","single-employees.html","archive-employees.html","blocks.html","page.html"],"active-design-provider":"tw","design-settings":{"mode":"jit4","external_source_url":null,"custom_config":".current-menu-item a {\n  @apply font-bold text-indigo-900 no-underline;\n}\n\na {\n  @apply no-underline;\n}\n","add_setting":null,"custom_source_url":null,"disable_preflight":"0","external_config_url":null,"external_help":null},"wp-theme-info":{"dir":"/Users/zdcstudio/Local Sites/starter-classic-theme-tailwind/app/public/wp-content/themes/starter_classic_theme_tailwind","name":"Starter Classic Theme Tailwind","slug":"starter_classic_theme_tailwind","url":"localhost:10028","project_version":"1.0.357","auto_increment_version":"1","page":"index.html","themejson":"true","wpseo":"true","wpjquery":"false","generator":"true","images":{},"block_theme":"false","blocks_type":"native-hybrid","pg_version":"8.4","blocks_editor_styles":["tailwind_theme/tailwind_for_wp_editor.css"],"project_type":"theme","blocks_inline_svg":"true","blocks_load_if_rendered":"false","block_category":"custom_blocks","block_category_register":"true","block_category_name":"Website Blocks","wc_enabled":"false"},"wp-insight":{"menus":["footer","primary","social"],"taxonomies":["category","post_tag"],"customizer_sections":["social_links"],"customizer_controls":["facebook_link","footer_logo","general_link","insta_link","linkedin_link","x_link","youtube_link"],"post_types":["attachment","page","post"],"template_parts":["template-part/pagination","template-part/sidebar","template-part/social"],"sidebars":[],"master_pages":[],"image_sizes":["full","large","medium","medium_large","post-thumbnail","thumbnail"],"custom_funcs":["the_archive_title()"],"block_categories":["custom_blocks"]},"recent-classes":["pt-24","pt-0","py-0","max-w-8xl","not-prose","rounded-2xl","rounded-lg","mb-30","max-w-7xl","md:p-2","hidden","h-10","col-start-2","col-end-3","row-end-2","row-start-1","col-end-2","col-start-1","grid-cols-[_1fr]","[grid-template-areas:'post_sidebar']","[grid-template-areas:'post_.']","grid-cols-[1fr_1fr]","lg:grid-cols-3","lg:grid-cols-2","sm:grid-cols-2","top-24","sticky","grid-cols-[3fr_2fr]","grid-cols-[3fr_0fr]","grid-cols-[3fr_3fr]","grid-cols-[3fr_]","grid-cols-[2.5fr_]","grid-cols-[2.5fr_1.5fr]","grid-cols-[2.5fr_1fr]","grid-cols-[3fr_1fr]","grid-cols-[27fr_1fr]","grid-cols-[11fr_1fr]","grid-cols-[6fr_1fr]","grid-cols-[2fr_1fr]","grid-cols-2","grid-rows-[100px]","grid-cols-3","lg:w-80","grid","to-indigo-400","from-purple-300","via-fuchsia-400","to-pink-300","from-pink-200"],"class-styles-components":"0","wp-files":{"tailwind_theme/tailwind_for_wp_editor.css":"true","tailwind_theme":"true","":"true"}}