{
    "$schema": "https://schemas.wp.org/trunk/theme.json",
    "version": 2,
    "settings": {
        "color": {
            "palette": [
                {
                    "color": "white",
                    "name": "current",
                    "slug": "current"
                },
                {
                    "color": "rgba(0,0,0,0)",
                    "name": "transparent",
                    "slug": "transparent"
                },
                {
                    "color": "black",
                    "name": "black",
                    "slug": "black"
                },
                {
                    "color": "white",
                    "name": "white",
                    "slug": "white"
                },
                {
                    "color": "rgba(0,0,0,0.5)",
                    "name": "inherit",
                    "slug": "inherit"
                },
                {
                    "color": "oklch(0.971 0.013 17.38)",
                    "name": "red-50",
                    "slug": "red-50"
                },
                {
                    "color": "oklch(0.936 0.032 17.717)",
                    "name": "red-100",
                    "slug": "red-100"
                },
                {
                    "color": "oklch(0.885 0.062 18.334)",
                    "name": "red-200",
                    "slug": "red-200"
                },
                {
                    "color": "oklch(0.808 0.114 19.571)",
                    "name": "red-300",
                    "slug": "red-300"
                },
                {
                    "color": "oklch(0.704 0.191 22.216)",
                    "name": "red-400",
                    "slug": "red-400"
                },
                {
                    "color": "oklch(0.637 0.237 25.331)",
                    "name": "red-500",
                    "slug": "red-500"
                },
                {
                    "color": "oklch(0.577 0.245 27.325)",
                    "name": "red-600",
                    "slug": "red-600"
                },
                {
                    "color": "oklch(0.505 0.213 27.518)",
                    "name": "red-700",
                    "slug": "red-700"
                },
                {
                    "color": "oklch(0.444 0.177 26.899)",
                    "name": "red-800",
                    "slug": "red-800"
                },
                {
                    "color": "oklch(0.396 0.141 25.723)",
                    "name": "red-900",
                    "slug": "red-900"
                },
                {
                    "color": "oklch(0.258 0.092 26.042)",
                    "name": "red-950",
                    "slug": "red-950"
                },
                {
                    "color": "oklch(0.98 0.016 73.684)",
                    "name": "orange-50",
                    "slug": "orange-50"
                },
                {
                    "color": "oklch(0.954 0.038 75.164)",
                    "name": "orange-100",
                    "slug": "orange-100"
                },
                {
                    "color": "oklch(0.901 0.076 70.697)",
                    "name": "orange-200",
                    "slug": "orange-200"
                },
                {
                    "color": "oklch(0.837 0.128 66.29)",
                    "name": "orange-300",
                    "slug": "orange-300"
                },
                {
                    "color": "oklch(0.75 0.183 55.934)",
                    "name": "orange-400",
                    "slug": "orange-400"
                },
                {
                    "color": "oklch(0.705 0.213 47.604)",
                    "name": "orange-500",
                    "slug": "orange-500"
                },
                {
                    "color": "oklch(0.646 0.222 41.116)",
                    "name": "orange-600",
                    "slug": "orange-600"
                },
                {
                    "color": "oklch(0.553 0.195 38.402)",
                    "name": "orange-700",
                    "slug": "orange-700"
                },
                {
                    "color": "oklch(0.47 0.157 37.304)",
                    "name": "orange-800",
                    "slug": "orange-800"
                },
                {
                    "color": "oklch(0.408 0.123 38.172)",
                    "name": "orange-900",
                    "slug": "orange-900"
                },
                {
                    "color": "oklch(0.266 0.079 36.259)",
                    "name": "orange-950",
                    "slug": "orange-950"
                },
                {
                    "color": "oklch(0.987 0.022 95.277)",
                    "name": "amber-50",
                    "slug": "amber-50"
                },
                {
                    "color": "oklch(0.962 0.059 95.617)",
                    "name": "amber-100",
                    "slug": "amber-100"
                },
                {
                    "color": "oklch(0.924 0.12 95.746)",
                    "name": "amber-200",
                    "slug": "amber-200"
                },
                {
                    "color": "oklch(0.879 0.169 91.605)",
                    "name": "amber-300",
                    "slug": "amber-300"
                },
                {
                    "color": "oklch(0.828 0.189 84.429)",
                    "name": "amber-400",
                    "slug": "amber-400"
                },
                {
                    "color": "oklch(0.769 0.188 70.08)",
                    "name": "amber-500",
                    "slug": "amber-500"
                },
                {
                    "color": "oklch(0.666 0.179 58.318)",
                    "name": "amber-600",
                    "slug": "amber-600"
                },
                {
                    "color": "oklch(0.555 0.163 48.998)",
                    "name": "amber-700",
                    "slug": "amber-700"
                },
                {
                    "color": "oklch(0.473 0.137 46.201)",
                    "name": "amber-800",
                    "slug": "amber-800"
                },
                {
                    "color": "oklch(0.414 0.112 45.904)",
                    "name": "amber-900",
                    "slug": "amber-900"
                },
                {
                    "color": "oklch(0.279 0.077 45.635)",
                    "name": "amber-950",
                    "slug": "amber-950"
                },
                {
                    "color": "oklch(0.987 0.026 102.212)",
                    "name": "yellow-50",
                    "slug": "yellow-50"
                },
                {
                    "color": "oklch(0.973 0.071 103.193)",
                    "name": "yellow-100",
                    "slug": "yellow-100"
                },
                {
                    "color": "oklch(0.945 0.129 101.54)",
                    "name": "yellow-200",
                    "slug": "yellow-200"
                },
                {
                    "color": "oklch(0.905 0.182 98.111)",
                    "name": "yellow-300",
                    "slug": "yellow-300"
                },
                {
                    "color": "oklch(0.852 0.199 91.936)",
                    "name": "yellow-400",
                    "slug": "yellow-400"
                },
                {
                    "color": "oklch(0.795 0.184 86.047)",
                    "name": "yellow-500",
                    "slug": "yellow-500"
                },
                {
                    "color": "oklch(0.681 0.162 75.834)",
                    "name": "yellow-600",
                    "slug": "yellow-600"
                },
                {
                    "color": "oklch(0.554 0.135 66.442)",
                    "name": "yellow-700",
                    "slug": "yellow-700"
                },
                {
                    "color": "oklch(0.476 0.114 61.907)",
                    "name": "yellow-800",
                    "slug": "yellow-800"
                },
                {
                    "color": "oklch(0.421 0.095 57.708)",
                    "name": "yellow-900",
                    "slug": "yellow-900"
                },
                {
                    "color": "oklch(0.286 0.066 53.813)",
                    "name": "yellow-950",
                    "slug": "yellow-950"
                },
                {
                    "color": "oklch(0.986 0.031 120.757)",
                    "name": "lime-50",
                    "slug": "lime-50"
                },
                {
                    "color": "oklch(0.967 0.067 122.328)",
                    "name": "lime-100",
                    "slug": "lime-100"
                },
                {
                    "color": "oklch(0.938 0.127 124.321)",
                    "name": "lime-200",
                    "slug": "lime-200"
                },
                {
                    "color": "oklch(0.897 0.196 126.665)",
                    "name": "lime-300",
                    "slug": "lime-300"
                },
                {
                    "color": "oklch(0.841 0.238 128.85)",
                    "name": "lime-400",
                    "slug": "lime-400"
                },
                {
                    "color": "oklch(0.768 0.233 130.85)",
                    "name": "lime-500",
                    "slug": "lime-500"
                },
                {
                    "color": "oklch(0.648 0.2 131.684)",
                    "name": "lime-600",
                    "slug": "lime-600"
                },
                {
                    "color": "oklch(0.532 0.157 131.589)",
                    "name": "lime-700",
                    "slug": "lime-700"
                },
                {
                    "color": "oklch(0.453 0.124 130.933)",
                    "name": "lime-800",
                    "slug": "lime-800"
                },
                {
                    "color": "oklch(0.405 0.101 131.063)",
                    "name": "lime-900",
                    "slug": "lime-900"
                },
                {
                    "color": "oklch(0.274 0.072 132.109)",
                    "name": "lime-950",
                    "slug": "lime-950"
                },
                {
                    "color": "oklch(0.982 0.018 155.826)",
                    "name": "green-50",
                    "slug": "green-50"
                },
                {
                    "color": "oklch(0.962 0.044 156.743)",
                    "name": "green-100",
                    "slug": "green-100"
                },
                {
                    "color": "oklch(0.925 0.084 155.995)",
                    "name": "green-200",
                    "slug": "green-200"
                },
                {
                    "color": "oklch(0.871 0.15 154.449)",
                    "name": "green-300",
                    "slug": "green-300"
                },
                {
                    "color": "oklch(0.792 0.209 151.711)",
                    "name": "green-400",
                    "slug": "green-400"
                },
                {
                    "color": "oklch(0.723 0.219 149.579)",
                    "name": "green-500",
                    "slug": "green-500"
                },
                {
                    "color": "oklch(0.627 0.194 149.214)",
                    "name": "green-600",
                    "slug": "green-600"
                },
                {
                    "color": "oklch(0.527 0.154 150.069)",
                    "name": "green-700",
                    "slug": "green-700"
                },
                {
                    "color": "oklch(0.448 0.119 151.328)",
                    "name": "green-800",
                    "slug": "green-800"
                },
                {
                    "color": "oklch(0.393 0.095 152.535)",
                    "name": "green-900",
                    "slug": "green-900"
                },
                {
                    "color": "oklch(0.266 0.065 152.934)",
                    "name": "green-950",
                    "slug": "green-950"
                },
                {
                    "color": "oklch(0.979 0.021 166.113)",
                    "name": "emerald-50",
                    "slug": "emerald-50"
                },
                {
                    "color": "oklch(0.95 0.052 163.051)",
                    "name": "emerald-100",
                    "slug": "emerald-100"
                },
                {
                    "color": "oklch(0.905 0.093 164.15)",
                    "name": "emerald-200",
                    "slug": "emerald-200"
                },
                {
                    "color": "oklch(0.845 0.143 164.978)",
                    "name": "emerald-300",
                    "slug": "emerald-300"
                },
                {
                    "color": "oklch(0.765 0.177 163.223)",
                    "name": "emerald-400",
                    "slug": "emerald-400"
                },
                {
                    "color": "oklch(0.696 0.17 162.48)",
                    "name": "emerald-500",
                    "slug": "emerald-500"
                },
                {
                    "color": "oklch(0.596 0.145 163.225)",
                    "name": "emerald-600",
                    "slug": "emerald-600"
                },
                {
                    "color": "oklch(0.508 0.118 165.612)",
                    "name": "emerald-700",
                    "slug": "emerald-700"
                },
                {
                    "color": "oklch(0.432 0.095 166.913)",
                    "name": "emerald-800",
                    "slug": "emerald-800"
                },
                {
                    "color": "oklch(0.378 0.077 168.94)",
                    "name": "emerald-900",
                    "slug": "emerald-900"
                },
                {
                    "color": "oklch(0.262 0.051 172.552)",
                    "name": "emerald-950",
                    "slug": "emerald-950"
                },
                {
                    "color": "oklch(0.984 0.014 180.72)",
                    "name": "teal-50",
                    "slug": "teal-50"
                },
                {
                    "color": "oklch(0.953 0.051 180.801)",
                    "name": "teal-100",
                    "slug": "teal-100"
                },
                {
                    "color": "oklch(0.91 0.096 180.426)",
                    "name": "teal-200",
                    "slug": "teal-200"
                },
                {
                    "color": "oklch(0.855 0.138 181.071)",
                    "name": "teal-300",
                    "slug": "teal-300"
                },
                {
                    "color": "oklch(0.777 0.152 181.912)",
                    "name": "teal-400",
                    "slug": "teal-400"
                },
                {
                    "color": "oklch(0.704 0.14 182.503)",
                    "name": "teal-500",
                    "slug": "teal-500"
                },
                {
                    "color": "oklch(0.6 0.118 184.704)",
                    "name": "teal-600",
                    "slug": "teal-600"
                },
                {
                    "color": "oklch(0.511 0.096 186.391)",
                    "name": "teal-700",
                    "slug": "teal-700"
                },
                {
                    "color": "oklch(0.437 0.078 188.216)",
                    "name": "teal-800",
                    "slug": "teal-800"
                },
                {
                    "color": "oklch(0.386 0.063 188.416)",
                    "name": "teal-900",
                    "slug": "teal-900"
                },
                {
                    "color": "oklch(0.277 0.046 192.524)",
                    "name": "teal-950",
                    "slug": "teal-950"
                },
                {
                    "color": "oklch(0.984 0.019 200.873)",
                    "name": "cyan-50",
                    "slug": "cyan-50"
                },
                {
                    "color": "oklch(0.956 0.045 203.388)",
                    "name": "cyan-100",
                    "slug": "cyan-100"
                },
                {
                    "color": "oklch(0.917 0.08 205.041)",
                    "name": "cyan-200",
                    "slug": "cyan-200"
                },
                {
                    "color": "oklch(0.865 0.127 207.078)",
                    "name": "cyan-300",
                    "slug": "cyan-300"
                },
                {
                    "color": "oklch(0.789 0.154 211.53)",
                    "name": "cyan-400",
                    "slug": "cyan-400"
                },
                {
                    "color": "oklch(0.715 0.143 215.221)",
                    "name": "cyan-500",
                    "slug": "cyan-500"
                },
                {
                    "color": "oklch(0.609 0.126 221.723)",
                    "name": "cyan-600",
                    "slug": "cyan-600"
                },
                {
                    "color": "oklch(0.52 0.105 223.128)",
                    "name": "cyan-700",
                    "slug": "cyan-700"
                },
                {
                    "color": "oklch(0.45 0.085 224.283)",
                    "name": "cyan-800",
                    "slug": "cyan-800"
                },
                {
                    "color": "oklch(0.398 0.07 227.392)",
                    "name": "cyan-900",
                    "slug": "cyan-900"
                },
                {
                    "color": "oklch(0.302 0.056 229.695)",
                    "name": "cyan-950",
                    "slug": "cyan-950"
                },
                {
                    "color": "oklch(0.977 0.013 236.62)",
                    "name": "sky-50",
                    "slug": "sky-50"
                },
                {
                    "color": "oklch(0.951 0.026 236.824)",
                    "name": "sky-100",
                    "slug": "sky-100"
                },
                {
                    "color": "oklch(0.901 0.058 230.902)",
                    "name": "sky-200",
                    "slug": "sky-200"
                },
                {
                    "color": "oklch(0.828 0.111 230.318)",
                    "name": "sky-300",
                    "slug": "sky-300"
                },
                {
                    "color": "oklch(0.746 0.16 232.661)",
                    "name": "sky-400",
                    "slug": "sky-400"
                },
                {
                    "color": "oklch(0.685 0.169 237.323)",
                    "name": "sky-500",
                    "slug": "sky-500"
                },
                {
                    "color": "oklch(0.588 0.158 241.966)",
                    "name": "sky-600",
                    "slug": "sky-600"
                },
                {
                    "color": "oklch(0.5 0.134 242.749)",
                    "name": "sky-700",
                    "slug": "sky-700"
                },
                {
                    "color": "oklch(0.443 0.11 240.79)",
                    "name": "sky-800",
                    "slug": "sky-800"
                },
                {
                    "color": "oklch(0.391 0.09 240.876)",
                    "name": "sky-900",
                    "slug": "sky-900"
                },
                {
                    "color": "oklch(0.293 0.066 243.157)",
                    "name": "sky-950",
                    "slug": "sky-950"
                },
                {
                    "color": "oklch(0.97 0.014 254.604)",
                    "name": "blue-50",
                    "slug": "blue-50"
                },
                {
                    "color": "oklch(0.932 0.032 255.585)",
                    "name": "blue-100",
                    "slug": "blue-100"
                },
                {
                    "color": "oklch(0.882 0.059 254.128)",
                    "name": "blue-200",
                    "slug": "blue-200"
                },
                {
                    "color": "oklch(0.809 0.105 251.813)",
                    "name": "blue-300",
                    "slug": "blue-300"
                },
                {
                    "color": "oklch(0.707 0.165 254.624)",
                    "name": "blue-400",
                    "slug": "blue-400"
                },
                {
                    "color": "oklch(0.623 0.214 259.815)",
                    "name": "blue-500",
                    "slug": "blue-500"
                },
                {
                    "color": "oklch(0.546 0.245 262.881)",
                    "name": "blue-600",
                    "slug": "blue-600"
                },
                {
                    "color": "oklch(0.488 0.243 264.376)",
                    "name": "blue-700",
                    "slug": "blue-700"
                },
                {
                    "color": "oklch(0.424 0.199 265.638)",
                    "name": "blue-800",
                    "slug": "blue-800"
                },
                {
                    "color": "oklch(0.379 0.146 265.522)",
                    "name": "blue-900",
                    "slug": "blue-900"
                },
                {
                    "color": "oklch(0.282 0.091 267.935)",
                    "name": "blue-950",
                    "slug": "blue-950"
                },
                {
                    "color": "oklch(0.962 0.018 272.314)",
                    "name": "indigo-50",
                    "slug": "indigo-50"
                },
                {
                    "color": "oklch(0.93 0.034 272.788)",
                    "name": "indigo-100",
                    "slug": "indigo-100"
                },
                {
                    "color": "oklch(0.87 0.065 274.039)",
                    "name": "indigo-200",
                    "slug": "indigo-200"
                },
                {
                    "color": "oklch(0.785 0.115 274.713)",
                    "name": "indigo-300",
                    "slug": "indigo-300"
                },
                {
                    "color": "oklch(0.673 0.182 276.935)",
                    "name": "indigo-400",
                    "slug": "indigo-400"
                },
                {
                    "color": "oklch(0.585 0.233 277.117)",
                    "name": "indigo-500",
                    "slug": "indigo-500"
                },
                {
                    "color": "oklch(0.511 0.262 276.966)",
                    "name": "indigo-600",
                    "slug": "indigo-600"
                },
                {
                    "color": "oklch(0.457 0.24 277.023)",
                    "name": "indigo-700",
                    "slug": "indigo-700"
                },
                {
                    "color": "oklch(0.398 0.195 277.366)",
                    "name": "indigo-800",
                    "slug": "indigo-800"
                },
                {
                    "color": "oklch(0.359 0.144 278.697)",
                    "name": "indigo-900",
                    "slug": "indigo-900"
                },
                {
                    "color": "oklch(0.257 0.09 281.288)",
                    "name": "indigo-950",
                    "slug": "indigo-950"
                },
                {
                    "color": "oklch(0.969 0.016 293.756)",
                    "name": "violet-50",
                    "slug": "violet-50"
                },
                {
                    "color": "oklch(0.943 0.029 294.588)",
                    "name": "violet-100",
                    "slug": "violet-100"
                },
                {
                    "color": "oklch(0.894 0.057 293.283)",
                    "name": "violet-200",
                    "slug": "violet-200"
                },
                {
                    "color": "oklch(0.811 0.111 293.571)",
                    "name": "violet-300",
                    "slug": "violet-300"
                },
                {
                    "color": "oklch(0.702 0.183 293.541)",
                    "name": "violet-400",
                    "slug": "violet-400"
                },
                {
                    "color": "oklch(0.606 0.25 292.717)",
                    "name": "violet-500",
                    "slug": "violet-500"
                },
                {
                    "color": "oklch(0.541 0.281 293.009)",
                    "name": "violet-600",
                    "slug": "violet-600"
                },
                {
                    "color": "oklch(0.491 0.27 292.581)",
                    "name": "violet-700",
                    "slug": "violet-700"
                },
                {
                    "color": "oklch(0.432 0.232 292.759)",
                    "name": "violet-800",
                    "slug": "violet-800"
                },
                {
                    "color": "oklch(0.38 0.189 293.745)",
                    "name": "violet-900",
                    "slug": "violet-900"
                },
                {
                    "color": "oklch(0.283 0.141 291.089)",
                    "name": "violet-950",
                    "slug": "violet-950"
                },
                {
                    "color": "oklch(0.977 0.014 308.299)",
                    "name": "purple-50",
                    "slug": "purple-50"
                },
                {
                    "color": "oklch(0.946 0.033 307.174)",
                    "name": "purple-100",
                    "slug": "purple-100"
                },
                {
                    "color": "oklch(0.902 0.063 306.703)",
                    "name": "purple-200",
                    "slug": "purple-200"
                },
                {
                    "color": "oklch(0.827 0.119 306.383)",
                    "name": "purple-300",
                    "slug": "purple-300"
                },
                {
                    "color": "oklch(0.714 0.203 305.504)",
                    "name": "purple-400",
                    "slug": "purple-400"
                },
                {
                    "color": "oklch(0.627 0.265 303.9)",
                    "name": "purple-500",
                    "slug": "purple-500"
                },
                {
                    "color": "oklch(0.558 0.288 302.321)",
                    "name": "purple-600",
                    "slug": "purple-600"
                },
                {
                    "color": "oklch(0.496 0.265 301.924)",
                    "name": "purple-700",
                    "slug": "purple-700"
                },
                {
                    "color": "oklch(0.438 0.218 303.724)",
                    "name": "purple-800",
                    "slug": "purple-800"
                },
                {
                    "color": "oklch(0.381 0.176 304.987)",
                    "name": "purple-900",
                    "slug": "purple-900"
                },
                {
                    "color": "oklch(0.291 0.149 302.717)",
                    "name": "purple-950",
                    "slug": "purple-950"
                },
                {
                    "color": "oklch(0.977 0.017 320.058)",
                    "name": "fuchsia-50",
                    "slug": "fuchsia-50"
                },
                {
                    "color": "oklch(0.952 0.037 318.852)",
                    "name": "fuchsia-100",
                    "slug": "fuchsia-100"
                },
                {
                    "color": "oklch(0.903 0.076 319.62)",
                    "name": "fuchsia-200",
                    "slug": "fuchsia-200"
                },
                {
                    "color": "oklch(0.833 0.145 321.434)",
                    "name": "fuchsia-300",
                    "slug": "fuchsia-300"
                },
                {
                    "color": "oklch(0.74 0.238 322.16)",
                    "name": "fuchsia-400",
                    "slug": "fuchsia-400"
                },
                {
                    "color": "oklch(0.667 0.295 322.15)",
                    "name": "fuchsia-500",
                    "slug": "fuchsia-500"
                },
                {
                    "color": "oklch(0.591 0.293 322.896)",
                    "name": "fuchsia-600",
                    "slug": "fuchsia-600"
                },
                {
                    "color": "oklch(0.518 0.253 323.949)",
                    "name": "fuchsia-700",
                    "slug": "fuchsia-700"
                },
                {
                    "color": "oklch(0.452 0.211 324.591)",
                    "name": "fuchsia-800",
                    "slug": "fuchsia-800"
                },
                {
                    "color": "oklch(0.401 0.17 325.612)",
                    "name": "fuchsia-900",
                    "slug": "fuchsia-900"
                },
                {
                    "color": "oklch(0.293 0.136 325.661)",
                    "name": "fuchsia-950",
                    "slug": "fuchsia-950"
                },
                {
                    "color": "oklch(0.971 0.014 343.198)",
                    "name": "pink-50",
                    "slug": "pink-50"
                },
                {
                    "color": "oklch(0.948 0.028 342.258)",
                    "name": "pink-100",
                    "slug": "pink-100"
                },
                {
                    "color": "oklch(0.899 0.061 343.231)",
                    "name": "pink-200",
                    "slug": "pink-200"
                },
                {
                    "color": "oklch(0.823 0.12 346.018)",
                    "name": "pink-300",
                    "slug": "pink-300"
                },
                {
                    "color": "oklch(0.718 0.202 349.761)",
                    "name": "pink-400",
                    "slug": "pink-400"
                },
                {
                    "color": "oklch(0.656 0.241 354.308)",
                    "name": "pink-500",
                    "slug": "pink-500"
                },
                {
                    "color": "oklch(0.592 0.249 0.584)",
                    "name": "pink-600",
                    "slug": "pink-600"
                },
                {
                    "color": "oklch(0.525 0.223 3.958)",
                    "name": "pink-700",
                    "slug": "pink-700"
                },
                {
                    "color": "oklch(0.459 0.187 3.815)",
                    "name": "pink-800",
                    "slug": "pink-800"
                },
                {
                    "color": "oklch(0.408 0.153 2.432)",
                    "name": "pink-900",
                    "slug": "pink-900"
                },
                {
                    "color": "oklch(0.284 0.109 3.907)",
                    "name": "pink-950",
                    "slug": "pink-950"
                },
                {
                    "color": "oklch(0.969 0.015 12.422)",
                    "name": "rose-50",
                    "slug": "rose-50"
                },
                {
                    "color": "oklch(0.941 0.03 12.58)",
                    "name": "rose-100",
                    "slug": "rose-100"
                },
                {
                    "color": "oklch(0.892 0.058 10.001)",
                    "name": "rose-200",
                    "slug": "rose-200"
                },
                {
                    "color": "oklch(0.81 0.117 11.638)",
                    "name": "rose-300",
                    "slug": "rose-300"
                },
                {
                    "color": "oklch(0.712 0.194 13.428)",
                    "name": "rose-400",
                    "slug": "rose-400"
                },
                {
                    "color": "oklch(0.645 0.246 16.439)",
                    "name": "rose-500",
                    "slug": "rose-500"
                },
                {
                    "color": "oklch(0.586 0.253 17.585)",
                    "name": "rose-600",
                    "slug": "rose-600"
                },
                {
                    "color": "oklch(0.514 0.222 16.935)",
                    "name": "rose-700",
                    "slug": "rose-700"
                },
                {
                    "color": "oklch(0.455 0.188 13.697)",
                    "name": "rose-800",
                    "slug": "rose-800"
                },
                {
                    "color": "oklch(0.41 0.159 10.272)",
                    "name": "rose-900",
                    "slug": "rose-900"
                },
                {
                    "color": "oklch(0.271 0.105 12.094)",
                    "name": "rose-950",
                    "slug": "rose-950"
                },
                {
                    "color": "oklch(0.984 0.003 247.858)",
                    "name": "slate-50",
                    "slug": "slate-50"
                },
                {
                    "color": "oklch(0.968 0.007 247.896)",
                    "name": "slate-100",
                    "slug": "slate-100"
                },
                {
                    "color": "oklch(0.929 0.013 255.508)",
                    "name": "slate-200",
                    "slug": "slate-200"
                },
                {
                    "color": "oklch(0.869 0.022 252.894)",
                    "name": "slate-300",
                    "slug": "slate-300"
                },
                {
                    "color": "oklch(0.704 0.04 256.788)",
                    "name": "slate-400",
                    "slug": "slate-400"
                },
                {
                    "color": "oklch(0.554 0.046 257.417)",
                    "name": "slate-500",
                    "slug": "slate-500"
                },
                {
                    "color": "oklch(0.446 0.043 257.281)",
                    "name": "slate-600",
                    "slug": "slate-600"
                },
                {
                    "color": "oklch(0.372 0.044 257.287)",
                    "name": "slate-700",
                    "slug": "slate-700"
                },
                {
                    "color": "oklch(0.279 0.041 260.031)",
                    "name": "slate-800",
                    "slug": "slate-800"
                },
                {
                    "color": "oklch(0.208 0.042 265.755)",
                    "name": "slate-900",
                    "slug": "slate-900"
                },
                {
                    "color": "oklch(0.129 0.042 264.695)",
                    "name": "slate-950",
                    "slug": "slate-950"
                },
                {
                    "color": "oklch(0.985 0.002 247.839)",
                    "name": "gray-50",
                    "slug": "gray-50"
                },
                {
                    "color": "oklch(0.967 0.003 264.542)",
                    "name": "gray-100",
                    "slug": "gray-100"
                },
                {
                    "color": "oklch(0.928 0.006 264.531)",
                    "name": "gray-200",
                    "slug": "gray-200"
                },
                {
                    "color": "oklch(0.872 0.01 258.338)",
                    "name": "gray-300",
                    "slug": "gray-300"
                },
                {
                    "color": "oklch(0.707 0.022 261.325)",
                    "name": "gray-400",
                    "slug": "gray-400"
                },
                {
                    "color": "oklch(0.551 0.027 264.364)",
                    "name": "gray-500",
                    "slug": "gray-500"
                },
                {
                    "color": "oklch(0.446 0.03 256.802)",
                    "name": "gray-600",
                    "slug": "gray-600"
                },
                {
                    "color": "oklch(0.373 0.034 259.733)",
                    "name": "gray-700",
                    "slug": "gray-700"
                },
                {
                    "color": "oklch(0.278 0.033 256.848)",
                    "name": "gray-800",
                    "slug": "gray-800"
                },
                {
                    "color": "oklch(0.21 0.034 264.665)",
                    "name": "gray-900",
                    "slug": "gray-900"
                },
                {
                    "color": "oklch(0.13 0.028 261.692)",
                    "name": "gray-950",
                    "slug": "gray-950"
                },
                {
                    "color": "oklch(0.985 0 0)",
                    "name": "zinc-50",
                    "slug": "zinc-50"
                },
                {
                    "color": "oklch(0.967 0.001 286.375)",
                    "name": "zinc-100",
                    "slug": "zinc-100"
                },
                {
                    "color": "oklch(0.92 0.004 286.32)",
                    "name": "zinc-200",
                    "slug": "zinc-200"
                },
                {
                    "color": "oklch(0.871 0.006 286.286)",
                    "name": "zinc-300",
                    "slug": "zinc-300"
                },
                {
                    "color": "oklch(0.705 0.015 286.067)",
                    "name": "zinc-400",
                    "slug": "zinc-400"
                },
                {
                    "color": "oklch(0.552 0.016 285.938)",
                    "name": "zinc-500",
                    "slug": "zinc-500"
                },
                {
                    "color": "oklch(0.442 0.017 285.786)",
                    "name": "zinc-600",
                    "slug": "zinc-600"
                },
                {
                    "color": "oklch(0.37 0.013 285.805)",
                    "name": "zinc-700",
                    "slug": "zinc-700"
                },
                {
                    "color": "oklch(0.274 0.006 286.033)",
                    "name": "zinc-800",
                    "slug": "zinc-800"
                },
                {
                    "color": "oklch(0.21 0.006 285.885)",
                    "name": "zinc-900",
                    "slug": "zinc-900"
                },
                {
                    "color": "oklch(0.141 0.005 285.823)",
                    "name": "zinc-950",
                    "slug": "zinc-950"
                },
                {
                    "color": "oklch(0.985 0 0)",
                    "name": "neutral-50",
                    "slug": "neutral-50"
                },
                {
                    "color": "oklch(0.97 0 0)",
                    "name": "neutral-100",
                    "slug": "neutral-100"
                },
                {
                    "color": "oklch(0.922 0 0)",
                    "name": "neutral-200",
                    "slug": "neutral-200"
                },
                {
                    "color": "oklch(0.87 0 0)",
                    "name": "neutral-300",
                    "slug": "neutral-300"
                },
                {
                    "color": "oklch(0.708 0 0)",
                    "name": "neutral-400",
                    "slug": "neutral-400"
                },
                {
                    "color": "oklch(0.556 0 0)",
                    "name": "neutral-500",
                    "slug": "neutral-500"
                },
                {
                    "color": "oklch(0.439 0 0)",
                    "name": "neutral-600",
                    "slug": "neutral-600"
                },
                {
                    "color": "oklch(0.371 0 0)",
                    "name": "neutral-700",
                    "slug": "neutral-700"
                },
                {
                    "color": "oklch(0.269 0 0)",
                    "name": "neutral-800",
                    "slug": "neutral-800"
                },
                {
                    "color": "oklch(0.205 0 0)",
                    "name": "neutral-900",
                    "slug": "neutral-900"
                },
                {
                    "color": "oklch(0.145 0 0)",
                    "name": "neutral-950",
                    "slug": "neutral-950"
                },
                {
                    "color": "oklch(0.985 0.001 106.423)",
                    "name": "stone-50",
                    "slug": "stone-50"
                },
                {
                    "color": "oklch(0.97 0.001 106.424)",
                    "name": "stone-100",
                    "slug": "stone-100"
                },
                {
                    "color": "oklch(0.923 0.003 48.717)",
                    "name": "stone-200",
                    "slug": "stone-200"
                },
                {
                    "color": "oklch(0.869 0.005 56.366)",
                    "name": "stone-300",
                    "slug": "stone-300"
                },
                {
                    "color": "oklch(0.709 0.01 56.259)",
                    "name": "stone-400",
                    "slug": "stone-400"
                },
                {
                    "color": "oklch(0.553 0.013 58.071)",
                    "name": "stone-500",
                    "slug": "stone-500"
                },
                {
                    "color": "oklch(0.444 0.011 73.639)",
                    "name": "stone-600",
                    "slug": "stone-600"
                },
                {
                    "color": "oklch(0.374 0.01 67.558)",
                    "name": "stone-700",
                    "slug": "stone-700"
                },
                {
                    "color": "oklch(0.268 0.007 34.298)",
                    "name": "stone-800",
                    "slug": "stone-800"
                },
                {
                    "color": "oklch(0.216 0.006 56.043)",
                    "name": "stone-900",
                    "slug": "stone-900"
                },
                {
                    "color": "oklch(0.147 0.004 49.25)",
                    "name": "stone-950",
                    "slug": "stone-950"
                }
            ]
        },
        "typography": {
            "fontFamilies": [
                {
                    "fontFamily": "'Montserrat', sans-serif",
                    "name": "Montserrat",
                    "slug": "montserrat"
                },
                {
                    "fontFamily": "'Fraunces', serif",
                    "name": "Fraunces",
                    "slug": "fraunces"
                }
            ]
        }
    }
}